iso,Country,Population,Under-nourishment (%),HDI,Peace_index,Vegetables disponibility (kg/cap/year),Enough veg intake (> 91.25 kg/cap/year),Production,Exportations,Importations,Customs duration (h),Customs tax (%),Distance (km),Gdp/cap,"Population evolution (4y, %)",Trade balance (exp-imp),Self-sufficiency (prod-dispo),"Market growth (2y, %)"
AFG,Afghanistan,37769499,26.9,0.488,3.565,93.34,1,3862000000,494000000,774000000,48.0,8.38,5500.665,2167.70411054404,11.8980257424571,-280000000,8.91181964950077,-27.392120075046904
ZAF,South Africa,58087055,6.3,0.736,2.397,156.87,1,16684000000,2280000000,955000000,92.0,8.37,8769.679,14436.8326433486,3.956136912216269,1325000000,130.3540639502209,7.182940516273851
ALB,Albania,2854191,4.3,0.81,1.811,385.26,1,1930000000,114000000,141000000,9.0,1.47,1499.451,13973.0458402662,-0.9203309053380373,-27000000,290.93861459867264,39.603960396039604
DZA,Algeria,42705368,2.5,0.748,2.285,294.17999999999995,1,14667000000,11000000,4915000000,80.0,12.49,1233.811,12118.0045004936,7.996868433913996,-4904000000,49.26628525388196,4.864518882014082
DEU,Germany,83092962,2.5,0.948,1.545,162.57,1,18129000000,5732000000,12942000000,36.0,2.55,789.5815,55652.8874913932,1.7216419958957534,-7210000000,55.60732288806844,23.081312410841655
AGO,Angola,32353588,17.9,0.595,2.074,353.24,1,15083000000,8000000,394000000,164.0,8.65,6384.805,6881.07624117546,15.023851381347248,-386000000,112.95249772235462,-36.038961038961034
SAU,Saudi Arabia,35827362,3.9,0.873,2.178,120.47,1,2173000000,190000000,4977000000,37.0,4.54,4410.786,46852.2981650391,9.39703292668717,-4787000000,-59.81803237815835,-7.969674556213017
ARG,Argentina,44938712,3.5,0.852,1.989,125.07,1,64468000000,37543000000,111000000,21.0,12.18,10932.34,23003.2771805423,4.188879310532704,37432000000,1309.5060510448097,-41.578947368421055
ARM,Armenia,2820602,3.1,0.778,2.257,298.46000000000004,1,1132000000,56000000,118000000,26.53846,6.3,3402.57,14921.8193191784,-2.0146286643310365,-62000000,102.87276513311696,59.45945945945946
AUS,Australia,25340217,2.5,0.941,1.396,144.08,1,5894000000,1621000000,639000000,35.5,2.03,16513.02,51810.7767050001,6.399992945917229,982000000,88.51469324986442,5.098684210526316
AUT,Austria,8879920,2.5,0.919,1.264,168.47,1,3796000000,790000000,2053000000,0.0,2.55,975.7691,58076.348801448,2.7447560073537214,-1263000000,259.0113286606186,5.498458376156218
AZE,Azerbaijan,10024283,2.5,0.761,2.489,278.96,1,3487000000,298000000,324000000,11.94444,15.32,3720.199,15051.5612816033,3.8856746797527415,-26000000,68.89530296780333,1.25
BGD,Bangladesh,165516222,11.0,0.644,2.17,100.10000000000001,1,20383000000,125000000,3320000000,168.0,12.19,7943.799,5697.9492180924,4.869937274282456,-3195000000,23.048050104720247,27.349443805140005
BEL,Belgium,11488980,2.5,0.936,1.55,228.02,1,6602000000,7783000000,7877000000,0.0,2.55,526.3351,54278.3894505636,1.9050937202085185,-94000000,346.61760925687054,16.368739843403752
BOL,Bolivia,11777315,11.9,0.717,2.045,185.65,1,3029000000,22000000,114000000,48.0,9.95,9905.798,8888.70114945264,6.196796507871671,-92000000,71.53935088345688,-42.71356783919598
BIH,Bosnia and Herzegovina,3360711,2.5,0.783,2.003,369.95,1,2442000000,21000000,340000000,5.210526,5.32,1226.467,15418.97991838,-4.642393832122131,-319000000,356.6819537740675,-7.103825136612022
BWA,Botswana,2499702,22.1,0.717,1.676,144.31,1,110000000,14000000,309000000,5.0,8.19,8140.749,15756.04377791,8.438896723930677,-295000000,-100.30475457474532,26.639344262295083
BRA,Brazil,211782878,2.6,0.766,2.361,142.14,1,137865000000,43663000000,3168000000,49.04348,13.43,8681.18,15304.9076953685,3.2139630053296684,40495000000,508.83330483911925,30.800990916597854
BGR,Bulgaria,6975761,3.0,0.81,1.602,147.15,1,4868000000,2798000000,467000000,4.4,2.55,1802.135,24411.2816301826,-2.8173621282055104,2331000000,550.6950093115289,-37.5668449197861
BFA,Burkina Faso,20951639,14.1,0.452,2.206,162.47,1,3986000000,72000000,80000000,74.5,11.41,3882.356,2199.11662609236,11.932993550225587,-8000000,27.777646019483257,40.35087719298245
BLR,Belarus,9419758,2.5,0.817,2.115,336.02,1,9421000000,846000000,686000000,7.346154,7.93,1948.569,20092.8803713875,-0.4367156547521656,160000000,664.1118505210006,2.083333333333333
BEN,Benin,12290444,7.7,0.53,1.96,387.67,1,10509000000,1000000,36000000,78.0,11.67,4342.712,3289.65516924035,12.41825617502881,-35000000,467.384544815468,12.5
KHM,Cambodia,16207746,6.0,0.598,2.039,163.59,1,9145000000,340000000,42000000,48.0,12.45,9920.646,4652.70816696785,5.125486110836352,298000000,400.6463842572557,0.0
CMR,Cameroon,25782341,6.7,0.583,2.593,318.67,1,12213000000,36000000,150000000,202.0,18.56,4622.562,3915.05150786601,12.035534722951894,-114000000,155.0263179565424,47.05882352941176
CAN,Canada,37601230,2.5,0.937,1.307,204.02999999999997,1,28409000000,10981000000,6249000000,2.0,2.1,6454.269,49299.21177121,5.316995467147942,4732000000,551.5037950380879,35.75928742124701
CHL,Chile,19039485,2.6,0.861,1.641,147.78,1,4658000000,1031000000,2791000000,60.0,1.04,11569.81,25206.401655096,6.543664722192191,-1760000000,96.86947449996677,43.791859866048426
CHN,China,1407745000,2.5,0.762,2.147,446.87,1,1074318000000,17212000000,36448000000,20.7,5.39,8742.565,16652.0988008463,2.0208571884104183,-19236000000,316.2781553832548,-23.83340647399327
CYP,Cyprus,1228836,2.5,0.897,1.914,109.34,1,157000000,80000000,389000000,18.0,2.55,2849.746,42711.28515625,3.5001010713563776,-309000000,18.423184021301452,29.666666666666668
COL,Colombia,50187406,7.2,0.768,2.651,186.12,1,9090000000,83000000,6624000000,112.0,2.85,8615.275,15720.5741986333,6.510389873218283,-6541000000,-4.998863753189397,21.163343698554964
COG,"Congo, Rep.",5570733,29.9,0.57,2.148,307.14,1,1768000000,0,52000000,276.0,12.91,5762.769,3851.01025769294,9.998191291106167,-52000000,10.232956126240481,6.122448979591836
CRI,Costa Rica,5084532,3.4,0.819,1.706,74.84,0,557000000,529000000,1134000000,20.0,3.22,8994.296,22467.875494931,3.866815981722661,-605000000,34.70793872867749,9.038461538461538
HRV,Croatia,4065253,2.5,0.861,1.637,336.92,1,3626000000,963000000,348000000,0.1285714,2.55,1073.417,30635.6640418265,-3.2912472250002613,615000000,555.0294063469112,17.17171717171717
CIV,Cote d'Ivoire,26147551,4.7,0.55,2.481,395.08,1,15305000000,80000000,408000000,238.7143,12.13,4587.869,5343.00160596865,10.810009738209187,-328000000,190.25206417687076,17.24137931034483
DNK,Denmark,5814422,2.5,0.946,1.284,164.38,1,2796000000,499000000,1147000000,0.0,2.55,1195.8,58700.9746656312,2.3038513531227243,-648000000,316.4932493100776,42.66169154228855
DJI,Djibouti,1073994,13.1,0.512,2.179,111.97,1,50000000,26000000,138000000,72.0,18.92,5426.95,4969.34925955894,6.7313683654009555,-112000000,-65.414805092021,40.816326530612244
SLV,El Salvador,6280217,8.3,0.683,2.235,198.41,1,1104000000,101000000,1375000000,24.0,3.37,9073.199,9402.17160956239,0.7888056393560908,-1274000000,-22.619895931939936,30.82778306374881
ESP,Spain,47134837,2.5,0.908,1.734,188.22,1,21967000000,10430000000,13591000000,0.0,2.55,958.838,41695.1469476327,1.4856443016092726,-3161000000,277.82595238125043,26.14627807685168
EST,Estonia,1326898,2.5,0.896,1.692,156.41,1,216000000,86000000,151000000,2.0,2.55,2049.779,37850.0741478592,0.873569929307051,-65000000,6.3756851091794715,7.857142857142857
SWZ,Eswatini,1169613,11.1,0.615,2.028,124.59,1,121000000,1000000,196000000,2.111111,8.46,8628.108,8860.05879633449,3.1462974982715073,-195000000,-21.136977504525007,24.050632911392405
FIN,Finland,5521606,2.5,0.939,1.448,147.91,1,945000000,30000000,332000000,36.0,2.55,2151.814,50321.5396907229,0.7678576870903733,-302000000,23.2358586505448,7.443365695792881
FRA,France,67388001,2.5,0.905,1.916,160.95,1,27586000000,8964000000,6886000000,0.0,2.55,408.9603,48971.0885451909,1.2618344169777993,2078000000,248.41071096692718,-0.6922411306605134
RUS,Russian Federation,144406261,2.5,0.845,3.089,196.6,1,55639000000,5057000000,2836000000,66.0,6.86,3350.928,30067.740234375,0.21471042361988846,2221000000,188.69492845189032,-8.6340206185567
GAB,Gabon,2242785,16.6,0.709,2.102,181.82,1,629000000,0,39000000,96.0,18.65,5254.834,15089.0398500515,10.562790452335376,-39000000,98.63488087355677,8.333333333333332
GMB,"Gambia, The",2508883,18.0,0.503,1.961,29.38,0,44000000,0,31000000,109.3333,14.25,4129.963,2171.23426317803,11.350861223017016,-31000000,-11.842314902687768,-6.0606060606060606
GHA,Ghana,31522290,5.2,0.631,1.765,454.51,1,31698000000,57000000,198000000,108.0,12.44,4505.975,5571.56486581219,9.183459533477592,-141000000,551.0641508627705,-3.414634146341464
GRC,Greece,10721582,2.5,0.889,1.93,209.47,1,4050000000,682000000,1535000000,24.0,2.55,1928.061,30356.2663953863,-0.9176792688729747,-853000000,168.2727622155014,12.371888726207906
GTM,Guatemala,16604026,16.3,0.642,2.278,191.79000000000002,1,4850000000,980000000,1519000000,36.0,3.33,9111.4,9037.68837623543,6.658823790893019,-539000000,100.30783217636491,23.295454545454543
GNB,Guinea-Bissau,1970457,19.7710595882059,0.49,2.21,46.7,0,99000000,2000000,5000000,118.0,12.66,4254.593,1970.32227789113,10.147916143771742,-3000000,3.5421519474923784,-50.0
GUY,Guyana,798753,5.0,0.708,2.075,315.61,1,307000000,2000000,64000000,72.0,9.48,7310.159,13361.5732145529,5.790755611359004,-62000000,68.73910416611892,-3.0303030303030303
GEO,Georgia,3720161,7.8,0.81,2.121,129.36,1,637000000,17000000,243000000,6.0,1.23,3263.443,15621.8736565619,-0.13730526275100152,-226000000,41.869148415888446,20.2970297029703
HTI,Haiti,11160438,46.4,0.543,2.101,93.41,1,1315000000,0,181000000,27.75,6.33,7416.732,3232.49563033632,5.648378697086652,-181000000,24.416916828891488,36.09022556390977
HND,Honduras,9958829,13.3,0.632,2.361,123.88999999999999,1,1543000000,534000000,851000000,108.0,4.01,8850.727,5850.5828319154,7.14749198585616,-317000000,31.04789480670871,33.38557993730408
HUN,Hungary,9771141,2.5,0.853,1.521,131.45,1,10014000000,3783000000,693000000,0.0,2.55,1264.663,33514.9417935891,-0.7303342020362027,3090000000,893.4047226981986,22.007042253521128
IND,India,1383112050,14.6,0.645,2.633,141.42000000000002,1,241105000000,4135000000,3764000000,52.12,10.21,7073.011,6887.53834793046,4.55416663527965,371000000,32.90065608856489,-48.96963123644252
IDN,Indonesia,269582878,6.2,0.716,1.77,142.86,1,51672000000,286000000,4426000000,56.28,6.71,11576.7,12358.2422460634,4.049105805942191,-4140000000,48.81389406681828,17.775412453432676
IRN,"Iran, Islamic Rep.",86564202,4.9,0.783,2.535,177.0,1,19979000000,2422000000,7561000000,101.0,16.18,4250.649,14678.7778788108,5.836058098485624,-5139000000,53.79979412274835,-1.3310713819652877
IRL,Ireland,4934340,2.5,0.942,1.38,165.93,1,612000000,145000000,2102000000,24.0,2.55,1024.208,87379.6929656668,4.942261275464663,-1957000000,-41.90125451428155,25.41766109785203
ISL,Iceland,360563,2.5,0.96,1.064,113.01,1,13000000,0,54000000,36.0,1.17,2468.378,58290.0968315122,8.992337106842193,-54000000,-76.95527447353167,1.8867924528301887
ISR,Israel,9054000,2.5,0.921,2.779,202.8,1,2093000000,535000000,2130000000,36.0,1.89,3169.53,40004.0305112173,8.041670147134282,-1595000000,28.36854428981664,2.799227799227799
ITA,Italy,59729081,2.5,0.897,1.724,144.59,1,19542000000,7016000000,10093000000,0.0,2.55,891.5286,44376.1625028912,-1.6490884279686302,-3077000000,182.58730915699172,11.697653829127933
JAM,Jamaica,2813773,7.5,0.719,2.028,171.07999999999998,1,546000000,19000000,348000000,57.71429,10.28,7816.019,10676.7254679633,0.6916579141833172,-329000000,22.965504026088837,3.2640949554896146
JPN,Japan,126633000,2.8,0.924,1.37,136.53,1,14301000000,38000000,19398000000,26.65,5.91,9803.116,42282.5508939691,-0.39955639801480247,-19360000000,-23.59735211200872,7.850550428110753
JOR,Jordan,10698683,14.6,0.727,1.985,130.5,1,1692000000,520000000,1111000000,53.0,4.84,3248.377,9954.26840387235,12.685967900979184,-591000000,27.650306911607714,-11.755361397934868
KAZ,Kazakhstan,18513673,2.5,0.819,1.932,354.88,1,11853000000,990000000,670000000,105.0,5.39,5005.409,27463.9715463979,5.534274277444555,320000000,285.3495211760519,38.71635610766045
KEN,Kenya,50951450,25.6,0.581,2.354,213.89,1,11759000000,174000000,420000000,15.5,13.08,6300.084,4795.40361246334,8.750974995714117,-246000000,16.89832888956056,-75.98627787307034
KGZ,Kyrgyz Republic,6456200,5.2,0.698,2.104,333.27,1,3613000000,163000000,105000000,5.0,5.57,5490.014,5480.29390725587,8.381876479376857,58000000,226.3471122332022,59.09090909090909
KWT,Kuwait,4441100,2.5,0.839,1.771,232.88,1,452000000,3000000,748000000,84.0,3.9,4330.284,49311.6984646194,13.619647032306807,-745000000,-131.10341311837158,-11.688311688311687
LSO,Lesotho,2225702,31.2,0.524,2.167,206.67,1,196000000,7000000,175000000,4.0,7.45,8824.5,2640.02830951902,5.059237080963559,-168000000,-118.60789644795214,-27.983539094650205
LVA,Latvia,1913822,2.5,0.871,1.689,192.01999999999998,1,390000000,262000000,382000000,24.0,2.55,1854.7,31883.2591148032,-3.221447798184298,-120000000,11.760706878696169,16.463414634146343
LBN,Lebanon,5781907,9.0,0.745,2.882,175.18,1,1402000000,143000000,832000000,96.0,4.97,3090.419,17896.9432162934,-9.64273770343213,-689000000,67.30055183177453,-7.760532150776053
LBY,Libya,6569088,9.4831125127725,0.722,3.269,227.0,1,1318000000,3000000,662000000,72.0,4.84,1989.087,23486.5448646736,6.085896287850832,-659000000,-26.36332105765672,-31.96300102774923
LBR,Liberia,4985289,39.2,0.484,1.86,151.73000000000002,1,750000000,0,16000000,193.0,9.58,4680.772,1517.07223894945,8.086153437883551,-16000000,-1.2873676872093256,0.0
LTU,Lithuania,2794137,2.5,0.884,1.713,155.48000000000002,1,910000000,654000000,674000000,7.307692,2.55,1756.137,38540.7814542339,-3.8133023054070523,-20000000,170.20195475025025,56.380510440835266
MKD,North Macedonia,2076694,3.1,0.784,1.924,337.44,1,1162000000,184000000,118000000,8.5,3.38,1590.455,17464.2928964857,0.31242965743836665,66000000,222.10319702373096,-8.527131782945736
MDG,Madagascar,27533134,47.4,0.51,1.858,147.65,1,5080000000,85000000,27000000,69.81818,8.89,8581.841,1652.38583223889,10.793253784810796,58000000,36.8549677236162,-34.146341463414636
MYS,Malaysia,32804020,2.6,0.81,1.528,103.80000000000001,1,1454000000,437000000,6530000000,28.0,6.22,10553.12,28842.3883921398,5.584976429594249,-6093000000,-59.47616407989022,1.9516003122560501
MWI,Malawi,18867337,17.6,0.519,1.778,417.23,1,18977000000,86000000,10000000,78.11765,7.08,7492.123,1581.7572095297,11.384388706213175,76000000,588.5823199898322,-84.375
MLI,Mali,20567424,5.6,0.433,2.684,209.39,1,7668000000,45000000,84000000,48.22222,11.77,3861.778,2312.70070067634,13.551204122010896,-39000000,163.43257612815296,-41.66666666666667
MAR,Morocco,36304408,4.4,0.682,2.052,194.04,1,7597000000,1384000000,2939000000,6.0,4.33,1705.621,8564.4189453125,4.682608286199681,-1555000000,15.218335792171587,12.691717791411042
MUS,Mauritius,1265711,7.2,0.817,1.562,107.03,1,81000000,0,186000000,24.0,1.3,9238.776,24681.0518439104,0.24599934262892986,-186000000,-43.03434854401992,9.411764705882353
MRT,Mauritania,4383849,9.2,0.563,2.306,57.42,0,87000000,3000000,209000000,61.99667,12.55,3585.317,5738.00987974985,11.089827733882045,-206000000,-37.57442593939709,2.955665024630542
MEX,Mexico,125085311,6.0,0.779,2.514,211.03,1,47425000000,9104000000,17946000000,20.38889,3.28,9276.133,20251.7263006084,4.107713883433458,-8842000000,168.11124065294925,7.512580877066859
MNG,Mongolia,3232430,4.0,0.746,1.785,107.79,1,293000000,0,110000000,134.0,5.03,7128.626,12983.8039867177,9.028791307459755,-110000000,-17.14611908069162,13.402061855670103
MNE,Montenegro,622028,2.5,0.837,1.941,134.54,1,71000000,2000000,84000000,7.606061,1.51,2077.5,23075.0856256983,-0.021055710839190625,-82000000,-20.39722829197399,0.0
MOZ,Mozambique,30285595,31.8,0.456,2.161,290.92,1,10109000000,312000000,510000000,66.0,8.96,8198.455,1339.42552026694,12.8238924606957,-198000000,42.869050537062265,50.442477876106196
MMR,Myanmar,53040212,2.5,0.598,2.448,114.31,1,11735000000,2510000000,36000000,141.6667,3.68,8799.023,5033.36532406202,3.0228120224421793,2474000000,106.93723030895879,-76.47058823529412
NAM,Namibia,2446644,18.9,0.639,1.892,101.02000000000001,1,151000000,42000000,267000000,120.0,7.26,7775.102,10432.0282059129,7.181833474686162,-225000000,-39.302806979683204,74.50980392156863
NIC,Nicaragua,6663924,17.5,0.664,2.338,131.56,1,1118000000,126000000,343000000,72.0,3.19,8964.235,5574.73913248981,5.800116152832741,-217000000,36.20902017489996,12.459016393442624
NER,Niger,23443393,19.7710595882059,0.406,2.42,190.93,1,6529000000,137000000,119000000,48.0,12.18,3647.055,1268.82779529477,16.470829571598426,18000000,87.57064195059138,197.5
NGA,Nigeria,203304492,12.0,0.538,2.843,383.69,1,146582000000,92000000,599000000,128.4286,11.48,4320.865,5290.61433302448,10.494102894802726,-507000000,337.30735012249505,-52.156549520766774
NOR,Norway,5347896,2.5,0.961,1.499,138.57,1,561000000,3000000,553000000,2.0,3.24,1614.931,66799.1647159421,3.069976199777705,-550000000,-33.66893236517687,3.75234521575985
NZL,New Zealand,4979200,2.5,0.937,1.239,168.22,1,1688000000,603000000,422000000,37.0,2.01,18894.29,45554.809398512,8.022736147871742,181000000,170.79028277634964,82.68398268398268
NPL,Nepal,28832496,4.8,0.611,1.972,287.44,1,10429000000,22000000,1350000000,11.0,20.2,7226.911,4087.61116611913,4.4264998691612645,-1328000000,74.26992618883918,15.681233933161954
OMN,Oman,4602768,8.8,0.839,1.953,204.96,1,748000000,113000000,779000000,27.5,3.27,5495.837,35241.222343068,9.804722389746017,-666000000,-42.449093519377925,16.79160419790105
UGA,Uganda,42949080,19.7710595882059,0.525,2.179,166.25,1,8610000000,470000000,225000000,59.0,12.41,5867.333,2344.9758791051,14.600080112375057,245000000,34.219951859271504,80.0
UZB,Uzbekistan,33580350,2.5,0.726,2.166,355.52,1,14805000000,819000000,456000000,31.78571,13.66,5147.519,7658.27240973498,7.289233806938903,363000000,85.3628377309945,58.88501742160279
PAK,Pakistan,223293280,14.1,0.546,3.01,67.98,0,19419000000,1297000000,1538000000,58.0,12.55,6070.6,5375.21871071797,5.8415997573258265,-241000000,18.986343098189067,5.8499655884377155
PAN,Panama,4232532,5.4,0.817,1.804,74.96000000000001,0,278000000,45000000,639000000,24.0,7.37,8779.016,32874.8910250624,6.960477865223994,-594000000,-9.27827567990036,4.754098360655737
PNG,Papua New Guinea,9542486,21.9,0.56,2.107,181.03,1,1786000000,0,16000000,42.0,11.28,14488.95,4114.48353487691,9.908946768401556,-16000000,6.132967805244874,-38.46153846153847
PRY,Paraguay,6530026,8.2,0.732,2.056,310.89,1,9403000000,3146000000,156000000,120.0,8.14,10023.99,14184.1157899892,5.698913069869455,2990000000,1129.0736387358947,20.930232558139537
NLD,Netherlands,17344874,2.5,0.943,1.491,164.73,1,12584000000,14093000000,12673000000,0.0,2.55,660.9895,59004.3249664016,2.390512636922848,1420000000,560.7869452369616,15.70346023920387
PHL,Philippines,110380804,5.5,0.718,2.517,112.65,1,18113000000,11000000,2184000000,42.46154,3.54,10992.87,9100.3854775636,7.133205504945023,-2173000000,51.44556139851997,13.278008298755188
POL,Poland,37965475,2.5,0.881,1.641,214.5,1,15150000000,4104000000,2594000000,0.0,2.55,1352.006,33728.3943614975,-0.0551170771274739,1510000000,184.54676551524773,24.233716475095786
PRT,Portugal,10286263,2.5,0.867,1.247,211.64999999999998,1,3426000000,1704000000,3463000000,0.0,2.55,1339.212,36172.0725393171,-0.6933044322130867,-1759000000,121.41556521061148,4.971203394968173
PER,Peru,32824861,8.1,0.78,2.059,213.95,1,12004000000,792000000,4212000000,48.0,1.27,10147.58,13272.6508348294,6.880071065698619,-3420000000,151.74842595830034,17.91713325867861
ROU,Romania,19371648,2.5,0.832,1.58,276.05,1,22668000000,6856000000,1718000000,0.375,2.55,1758.84,32069.7098597603,-2.2404955768218358,5138000000,894.1137361983865,21.32768361581921
GBR,United Kingdom,66836327,2.5,0.935,1.759,151.34,1,8741000000,1200000000,8272000000,24.0,2.55,749.6503,49041.4635475451,2.641596865444537,-7072000000,-20.55782820291725,14.159536295887387
RWA,Rwanda,12835028,35.2,0.534,2.053,370.05,1,5044000000,78000000,297000000,83.33333,11.64,6026.371,2283.88881550495,10.238539876332124,-219000000,22.937066331292783,-23.25581395348837
CAF,Central African Republic,5209324,49.2,0.411,3.294,280.01,1,1445000000,0,8000000,141.4,15.99,4881.038,898.137302825821,8.092219400485503,-8000000,-2.6227612719039826,0.0
KOR,"Korea, Rep.",51764822,2.5,0.923,1.861,229.57999999999998,1,11390000000,283000000,13242000000,13.375,5.23,9225.815,42998.3882447659,1.4699123376527277,-12959000000,-9.546402666273991,16.906506577204908
MDA,Moldova,2664224,2.59797851799387,0.774,1.951,169.79,1,2707000000,789000000,135000000,3.0,5.34,1973.171,13580.1165698658,-6.056252904641714,654000000,846.2657070276374,56.97674418604651
DOM,Dominican Republic,10881882,7.0,0.771,2.041,145.96,1,1842000000,161000000,1553000000,16.0,6.33,7237.327,18937.9631421431,4.574838417533552,-1392000000,23.312190233270314,3.879598662207358
COD,"Congo, Dem. Rep.",89906890,37.7,0.482,3.265,463.49,1,43924000000,10000000,225000000,296.0,12.02,6036.588,1104.62442346377,14.30260463849429,-215000000,25.05987643327444,17.801047120418847
LAO,Lao PDR,7212053,5.4,0.61,1.796,254.93,1,4872000000,2304000000,240000000,9.0,2.72,9356.402,8170.95838206982,6.256192523255158,2064000000,420.6058009709579,585.7142857142857
TZA,Tanzania,59872579,23.4,0.548,1.862,277.2,1,23134000000,898000000,151000000,96.0,12.15,6761.231,2686.455078125,13.950061267168687,747000000,109.18723078890588,-2.5806451612903225
SRB,Serbia,6945235,3.7,0.811,1.81,150.75,1,8941000000,3459000000,208000000,4.13,2.76,1429.045,18819.8912210182,-2.116136648296505,3251000000,1136.6074472282075,43.44827586206896
SLE,Sierra Leone,8046828,27.9,0.48,1.769,210.57999999999998,1,1559000000,1000000,37000000,54.85714,12.88,4514.964,1725.56268442808,10.00789771603302,-36000000,-16.839062577204317,-9.75609756097561
SVK,Slovak Republic,5454147,3.7,0.862,1.542,117.12,1,1764000000,571000000,581000000,0.0,2.55,1247.716,31966.5548434084,0.559496928445568,-10000000,206.30362609588627,8.395522388059701
SVN,Slovenia,2088385,2.5,0.921,1.347,166.14999999999998,1,546000000,917000000,1025000000,0.0,2.55,946.8857,40670.8778673103,1.204440350060164,-108000000,95.29604562855991,41.57458563535912
LKA,Sri Lanka,21803000,3.7,0.778,2.145,90.32,0,1528000000,51000000,871000000,43.0,16.38,8431.747,14214.6512132056,3.972341440152599,-820000000,-20.237901206256012,-6.545064377682404
CHE,Switzerland,8575280,2.5,0.962,1.365,139.18,1,987000000,21000000,628000000,1.0,5.41,473.7304,72033.9294404588,3.53622309293108,-607000000,-24.081717494938943,-6.962962962962963
SWE,Sweden,10278887,2.5,0.947,1.506,143.43,1,1300000000,89000000,1042000000,1.83,2.55,1616.322,54598.7803541484,4.895314774104706,-953000000,-16.95716300899116,13.137893593919653
SEN,Senegal,16000781,7.4,0.513,1.837,204.98000000000002,1,4275000000,101000000,707000000,61.45455,12.78,4034.425,3575.26604813441,11.455692847561618,-606000000,62.19445854674217,2.911208151382824
TJK,Tajikistan,9337003,3.5,0.676,2.188,305.21000000000004,1,4226000000,86000000,24000000,26.5,5.08,5320.022,3726.17292765448,9.537001310290643,62000000,147.397758613765,-48.93617021276596
TCD,Chad,16126866,31.7,0.403,2.512,80.87,0,1731000000,0,10000000,106.0,18.16,4144.735,1627.92010185217,14.049176133362055,-10000000,26.466416139378836,-16.666666666666664
CZE,Czechia,10671870,2.5,0.897,1.432,137.84,1,1501000000,445000000,1346000000,0.0,2.55,1036.729,42847.0047376207,1.1929669651952448,-901000000,2.8101391040183046,5.320813771517996
THA,Thailand,71307763,8.0,0.804,2.252,60.32000000000001,0,38907000000,18145000000,7796000000,44.0,7.96,9475.635,18763.5090214792,1.4416028065508548,10349000000,485.3008183111844,138.70177587262705
TLS,Timor-Leste,1280438,25.0,0.614,1.769,119.96000000000001,1,154000000,3000000,5000000,96.0,2.5,13175.21,3895.54859405964,6.188770563926579,-2000000,0.3113446492528311,-16.666666666666664
TGO,Togo,8243094,20.1,0.535,2.178,264.46,1,3290000000,15000000,42000000,67.0,11.83,4402.306,2168.33191569227,10.301638020191808,-27000000,134.6619801690967,31.25
TTO,Trinidad and Tobago,1519955,7.3,0.821,2.094,82.98,0,25000000,3000000,194000000,60.0,11.43,7232.798,26374.6733966159,4.093887247915835,-191000000,-66.53214463586093,0.0
TUN,Tunisia,12049314,2.6,0.745,2.081,307.96999999999997,1,4406000000,105000000,1108000000,12.0,10.21,1352.583,11552.5675465644,4.2528499636478605,-1003000000,57.693970579569964,-15.67732115677321
TKM,Turkmenistan,6158420,3.5,0.742,2.265,171.02,1,1296000000,26000000,114000000,64.4155845454545,5.35,4587.559,15625.3606635627,6.797774914847676,-88000000,39.42358780336514,-34.48275862068966
TUR,Turkiye,83481684,2.5,0.842,2.952,339.65999999999997,1,43256000000,4230000000,5675000000,9.75,3.67,2477.965,26813.0615503978,4.81568117430569,-1445000000,178.489585961874,87.66534391534393
UKR,Ukraine,44386203,2.6,0.786,2.915,330.22999999999996,1,67143000000,33268000000,916000000,6.0,4.31,2275.21,13345.3828125,-1.7004747925523205,32352000000,1182.4697909688286,284.87394957983196
URY,Uruguay,3428409,2.5,0.821,1.711,143.42000000000002,1,1184000000,57000000,337000000,96.0,9.94,10775.98,24238.1330518821,0.7520531512411184,-280000000,201.92969427509962,-3.4383954154727796
VNM,Vietnam,95776716,6.2,0.703,1.881,209.05,1,35015000000,10167000000,12460000000,55.0,5.68,9888.428,10684.6862750065,3.888994068622324,-2293000000,156.53989974139432,46.691782434659764
YEM,"Yemen, Rep.",31546691,42.8,0.461,3.36,44.33,0,1073000000,81000000,857000000,59.5476191666667,5.76,5251.157,3437.42953621684,10.62592260037112,-776000000,-10.316923953450456,-5.303867403314917
ZMB,Zambia,18380477,19.7710595882059,0.575,1.798,350.6,1,6655000000,60000000,24000000,120.0,10.8,7236.737,3514.68800794144,13.122949392026085,36000000,11.468949570786435,-14.285714285714285
ZWE,Zimbabwe,15354608,19.7710595882059,0.601,2.463,103.42,1,1065000000,10000000,93000000,88.33333,9.56,7771.569,2296.3902687704,8.475283217438552,-83000000,-34.059714149654624,-74.23822714681441
EGY,"Egypt, Arab Rep.",105618671,5.0,0.735,2.429,244.06,1,31059000000,2564000000,8796000000,48.0,14.43,3052.494,11652.5738007091,8.078760834911874,-6232000000,50.00732451689339,-2.2666666666666666
ARE,United Arab Emirates,9211657,6.0,0.92,1.794,102.03,1,416000000,813000000,3040000000,27.0,4.24,5180.43,74811.6902150565,3.3056110650126236,-2227000000,-56.869829576806865,-6.49031067363888
ECU,Ecuador,17343740,13.7,0.76,1.973,88.96000000000001,0,2342000000,145000000,183000000,96.0,9.8,9561.102,11870.936404006,7.087212555373576,-38000000,46.0743120918556,-14.084507042253522
USA,United States,328329953,2.5,0.93,2.257,188.69,1,405086000000,52006000000,17075000000,1.5,8.7,7456.767,65094.7994287929,2.36670911301792,34931000000,1045.0871692733742,3.6355911629036175
ETH,Ethiopia,114120594,21.9,0.498,2.518,113.8,1,16815000000,358000000,213000000,50.91346,17.83,5368.907,2273.73489564724,11.367701358504203,145000000,33.544133171967204,18.333333333333332
